n,rel,escala,grupo,nome,name,x en,y en,x pt,y pt,texto,ENDEREÇO,TELEFONE,HORÁRIO DE FUNCIONAMENTO,E-MAIL,SITE,text,ADDRESS,PHONE,OPENING TIMES,E-MAIL,SITE,ARQUITETO,PERÍODO DE CONSTRUÇÃO,LOCALIZAÇÃO,TOMBAMENTO,ARCHITECT,CONSTRUCTION PERIOD,LOCATION,LISTING,ARTES,HISTÓRIA,NATUREZA,TÉCNICA,EDUCAÇÃO E CULTURA,MUSEU,ACERVO,PATRIMÔNIO CULTURAL,CENTRO DE EXTENSÃO,HERBARIO
8,,1,museu,Centro de Divulgação Científica e Cultural,Centre for Scientific and Cultural Dissemination,720,360,450,360,"O CDCC foi criado em 1980 e desde então vem colocando a disposição da população diversos recursos para a divulgação científica, esse potencial interativo permite ao CDCC estabelecer uma extensão entre a universidade e a comunidade. As exposições são constituídas por três espaços: Espaço Vivo de Biologia, Espaço de Física e o Jardim da Percepção. ","Rua Nove de Julho, 1227, centro, São Carlos, SP",+ 55 16 3373 8823,"Terça a Sexta: 8h00 às 18h00, Sábados: 9h00 ás 12h00",Adriana@cdcc.usp.br,www.cdcc.usp.br,"The Centre for Scientific and Cultural Dissemination was created in 1980 and has ever since provided the public with various resources for scientific dissemination. This interactive potential allows the Centre to establish a connection between the university and the community. The exhibitions consist of three spaces: Living Space for Biology, Physics Space and Perception Garden.
","Rua Nove de Julho, 1227, centro, São Carlos, SP",+ 55 16 3373 8823,"Tuesday to Friday: 8AM - 8PM, Saturdays 9AM - 12AM",Adriana@cdcc.usp.br,www.cdcc.usp.br,,,,,,,,,,,,1,1,,,,,1
14,23,1,museu,"Museu e Centro de Ciências, Educação e Artes Luiz de Queiroz","The Luiz de Queiroz Museum and Center for Sciences, Education and Arts",770,560,770,170,"A missão do Museu é preservar a memória da Pesquisa em Ciências Agrárias e promover a interação entre a Universidade e a Sociedade. Reúne um acervo de cerca de 3.000 itens, entre implementos agrícolas, equipamentos de laboratório, mobiliário, documentos textuais, fotografias e obras de arte, além de plantas e mapas. ","Av. Padua Dias,11, Piracicaba, SP",+55 19 3429 4305,"Segunda a Sexta feira: 8h00 às 17h00
",museulq@esalq.usp.br,www.esalq.usp.br/svcex/museu,"The Museum’s mission is to preserve the memory of research in agricultural sciences and to promote the interaction between the university and society. It holds a collection of around 3,000 items, including farm equipment, laboratory equipment, furniture, textual documents, photographs and art works, as well as plans and maps.","Av. Padua Dias,11, Piracicaba, SP",+55 19 3429 4305,Monday to Friday: 8AM - 5PM,museulq@esalq.usp.br,www.esalq.usp.br/svcex/museu,,,,,,,,,,,,1,1,1,,,,1
19,36,1,museu,Museu Republicano,Museum of the Republic,904,774,905,611,"O Museu Republicano foi inaugurado em 1923, em comemoração à “Convenção de Itu”, reunião política que marcou o movimento republicano na região paulista. O museu está instalado na casa que abrigou a Convenção e, desde sua criação, integra o Museu Paulista. Apresenta exposições relacionadas à história da Cidade de Itu, à residência do século 19, ao movimento republicano e à Primeira República. ","Rua Barão de Itaim, 67, Centro Histórico, Itu, SP",+55 11 4023 0240,Terça a Domingo: 9h00 às 17h00,mp@usp.br,www.mp.usp.br/mr,"The Republican Museum opened in 1923, in commemoration of the Itu Convention, a political meeting that marked the republican movement in Sao Paulo state. The museum is housed in the building where the convention was held and has been part of the Paulista Museum ever since its creation. It holds exhibitions related to the history of the city of Itu, housing in the nineteenth century, the republican movement and the First Brazilian Republic.","Rua Barão de Itaim, 67, Centro Histórico, Itu, SP
",+55 11 4023 0240,Tuesday to Sunday: 9AM - 5PM,mp@usp.br,www.mp.usp.br/mr,,,,,,,,,,1,,,,1,,1,,
20,,1,bem,Campus de Ribeirão Preto,Ribeirão Preto Campus,720,50,570,90,"A antiga Fazenda Monte Alegre, construída em 1874, deu origem ao Campus Ribeirão Preto pela desapropriação do Estado em em 1940 para a  instalação de uma escola de agricultura. Além do edifício sede, o Departamento de Obras Públicas (DOP) desenvolveu um plano para a implantação de outros equipamentos. ",,,,,,"The former Monte Alegre farm, built in 1874, became the Ribeirão Preto Campus through the State’s expropriation in 1940, with the intent of installing a school of agriculture in the area. Apart from the main building, the Department of Public Works developed a plan for the implantation of other equipments.",,,,,,"Departamento de Obras Públicas do Estado (DOP), Hernani do Val Penteado",1874- década de 1940,"Avenida Bandeirantes, 3900 – Monte Alegre, Ribeirão Preto, SP",Condephaat (1994),"State Department for Public Construction Works, Hernani do Val Penteado",1874-1940s,"Avenida Bandeirantes 3900, Ribeirão Preto, SP",Condephaat (1994),,1,1,,,,,1,,1
23,14,1,bem,Conjunto da Escola de Agricultura Luiz de Queiroz,The Luiz de Queiroz School of Agriculture Complex,798,588,797,278,"A ideia de construir uma escola de agricultura foi de Luiz de Queiroz, filho do Barão de Limeira. A aquisição da fazenda, o projeto para o edifício principal e o início das obras foram realizados com o seu investimento pessoal. No entanto, em 1892, com algumas obras já iniciadas, por questões financeiras, foi obrigado a doar a terra ao Governo do Estado de São Paulo. Em 1934, com a criação da USP, passa a compor essa Universidade.",,,,,,"Luiz de Queiroz, son of the Baron of Limeira, had the idea of constructing an agriculture school. The acquisition of the farm, the project of the main building and the beginning of the construction work were all sponsored by his personal investment. However, in 1892, due to financial problems, he had to donate the land to the Sao Paulo State government, after the construction was already in progress. In 1934, when the University of Sao Paulo was created, the complex became part of the university. ",,,,,,"Leon A. Morimont, José Van Humbeeck, Arséne Puttmans ",1896-1907,"Rua Pádua Dias, 11 – Campus de Piracicaba da USP, Piracicaba, SP",Condephaat (2006),"Leon A. Morimont, José Van Humbeeck, Arséne Puttmans ",1896-1907,"Rua Pádua Dias 11, Piracicaba Campus, Piracicaba, SP",Condephaat (2006),1,1,1,,,,,1,,1
26,,1,bem,Engenho São Jorge dos Erasmos,The São Jorge dos Erasmos Sugar Mill,940,790,1155,750,"Chamado inicialmente de “Engenho do Governador”, só adquiriu o nome atual em 1540, quando Erasmos Schetz (Bélgica) adquire a propriedade. Segundo estudo de Paul Meurs esteve ativo até o século XVIII. Alguns estudos apresentam como sendo o primeiro engenho de açúcar da América do Sul. Em 1958, o proprietário Otávio Ribeiro de Araújo doou o lote com as ruínas para a FFLCH. ",,,,,,"Initially called Governor’s Sugar Mill, it only acquired its current name in 1540, when Eramos Schetz (Belgium) acquired the property. According to a study by Paul Meurs, it had been active until the 18th century. Some studies present it as the first sugar mill in South America. In 1958, the proprietor Otávio Ribeiro de Araújo donated the lot with the ruins to the School of Philosophy, Languages and Humanities. ",,,,,,Autoria desconhecida,1532-1534,"Sopé do Morro da Nova Cintra ou Marapé, Santos, SP","Condephaat (1974), Condepasa (1990)",,1532-1534,"Morro da Nova Cintra foothill or Marapé, Santos, SP","Condephaat (1974), Condepasa (1990)",,1,1,1,,,,1,1,1
36,19,1,bem,Prédio do Museu Republicano,Museum of the Republic Building,860,730,850,598,"No edifício foi realizada a primeira assembleia de republicanos, em 18 de abril de 1873. Em 1921, o Estado adquiriu o imóvel da família Paula Leite de Barros para constituir um museu em memória ao movimento republicano e aos primeiros anos de República. A casa foi construída em taipa de pilão com divisórias em pau-a-pique e tem dois pavimentos. Está implantada sem recuos laterais ou frontais.",,,,,,"On 18 April 1873, the first republican assembly occurred in this building. In 1921, the State acquired the property from the Paula Leite de Barros family in order to construct a museum in memory of the Republican Movement and the first years of the Republic. The house has two floors and was built using rammed earth technique with partitions made of wattle and daub. It is implanted without frontal and lateral recesses.",,,,,,#REF!,década de 1850/1860,"Rua Barão de Itaim, 67 – Itu, SP","Iphan (1966), Condephaat (1980)",#REF!,1850s-1860s,"Rua Barão de Itaim 67, Itu, SP","Iphan (1966), Condephaat (1980)",,1,,,,,,1,,
39,,1,mapa,São Paulo,City of São Paulo,1060,850,1060,850,,,,,,,,,,,,,,,,,,,,,,,,,,,,,,
1,21,2,museu,Centro de Preservação Cultural,Centre for Cultural Preservation,858,330,858,330,"O CPC desenvolve atividades de cultura e extensão relacionadas à valorização e preservação e gestão do patrimônio cultural, promovendo a reflexão e ação sobre a conservação do patrimônio edificado e dos acervos históricos da Universidade por meio de cursos, seminários, oficinas e publicações. As atividades são orientadas para estimular o uso qualificado da Casa de Dona Yayá através de apresentações artísticas, exposições e visitas guiadas, buscando estreitar a relação entre a USP e a sociedade.","Rua Major Diogo, 353, Bela Vista, São Paulo, SP",+55 11 3106 3562,"Segunda a Sexta: 9h00 às 17h00, Domingos: Consultar programação",cpc3@usp.br,www.usp.br/cpc,"The Centre for Cultural Preservation carries out cultural and extension activities related to preserving, managing and recognising the value of cultural heritage, promoting thought and action on the conservation of the built heritage and the historical collections belonging to the University of Sao Paulo through courses, seminars, workshops and publications. The activities are oriented towards the encouragement of the public usage of Casa de Dona Yayá (Yayá’s House), through artistic presentations, exhibitions and guided tours, seeking to strengthen the relationship between the University and society.","Rua Major Diogo, 353, Bela Vista, São Paulo, SP",+55 11 3106 3562,"Monday to Friday: 9AM - 5PM, Sundays: Consult programming",cpc3@usp.br,www.usp.br/cpc,,,,,,,,,,,,,1,,,,,1
2,35,2,museu,Museu Paulista ,Paulista Museum,1234,355,1234,355,"O Museu Paulista da USP é uma instituição científica, cultural e educacional com atuação no campo da História da Cultura Material através de três linhas de pesquisa: Cotidiano e Sociedade; Universo do Trabalho e História do Imaginário, e cuja referência permanente é o acervo, que conta com mais de 125 mil peças. <br />O conjunto articulado destas atividades é a curadoria. Envolve a formação e ampliação de coleções, sua conservação física, seu estudo e documentação bem como a comunicação, seja do acervo, do conhecimento que ele permite gerar, através de exposições, cursos, programas educativos e publicações.","Parque da Independência, Ipiranga, São Paulo, SP",+55 11 2065 8000,Terça a Domingo: 9h00 às 17h00,mp@usp.br,www.mp.usp.br,"
The Paulista Museum of USP is a scientific, cultural and educational institution. It works within the field of the History of Material Culture through three lines of research —Everyday Life and Society, The Universe of Work and The History of Imaginary— whose permanent reference is the museum’s collection, which holds more than 125,000 pieces.<br />Curatorship is the articulation of these activities. It comprises the creation and expansion of collections, its material preservation, its study and documentation, as well as displaying the collection and conveying knowledge that can be generated from it, through exhibitions, courses, educational programmes and publications.
","Parque da Independência, Ipiranga, São Paulo, SP",+55 11 2065 8000,"Tuesday to Sunday: 9AM - 5PM

",mp@usp.br,www.mp.usp.br,,,,,,,,,1,1,,1,1,1,,1,,
3,4,2,museu,Museu de Arte Contemporânea,Museum of Contemporary Art,980,540,980,540,"O MAC é um dos mais importantes museus de arte moderna e contemporânea da América Latina. Contando com aproximadamente 8.000 obras, a coleção do museu cobre um período que vai das vanguardas históricas do início do século XX aos dias atuais. <br />Criado em 1963, quando a USP recebeu as coleções originárias do Museu de Arte Moderna de São Paulo, como museu universitário seu principal objetivo é pesquisar e divulgar conhecimento nas áreas de Arte, Teoria e Crítica e Arte Educação, por meio de seminários, exposições, palestras e conferências.<br />O MAC está neste momento transferindo parte de suas atividades para um edifício no Parque Ibirapuera projetado por Oscar Niemeyer. ","Cid. Universitária: Rua da Reitoria, 160, Cid. Universitária, São Paulo, SP. Nova sede: Av. Pedro Álvares Cabral, 1301, Ibirapuera, São Paulo, SP.",+ 55 11 3091 3028,Terça feira a Domingo: 10h00 às 18h00,"mac@usp.br
",www.mac.usp.br,"The Museum of Contemporary Art of the University of Sao Paulo is one of the most important museums of modern and contemporary art in Latin America. Holding approximately 8,000 artworks, the museum collection covers a period from the modernist avant-gardes in the beginning of the 20th century to the present day.<br />It was created in 1963, when the University of Sao Paulo received the art collections of the Museum of Modern Art of Sao Paulo. As a university museum, its main aim is research and dissemination of knowledge in the fields of art, theory and criticism, and art education, through exhibitions, lectures, conferences and seminars.<br />The Museum is now transferring part of its activities to one of Oscar Niemeyer’s buildings at Ibirapuera Park.","Rua da Reitoria, 160, Cid. Universitária, São Paulo, SP. New Headquarters: Av. Pedro Álvares Cabral, 1301, Ibirapuera, São Paulo, SP",+ 55 11 3091 3028,Tuesday to Sunday: 10AM- 6PM,"mac@usp.br
",www.mac.usp.br,,,,,,,,,1,,,,1,1,,1,,
5,34,2,museu,Museu de Zoologia,Zoology Museum,1234,553,1234,553,"Centro de referência na produção de conhecimento sobre a Biodiversidade, o Museu possui uma das maiores coleções de animais brasileiros do mundo e administra a Estação Biológica de Boracéia, uma reserva de Floresta Atlântica no Estado de São Paulo.<br />Desempenha um importante papel na formação de zoólogos e museólogos, por meio de Programas de Pós-Graduação em Sistemática, Taxonomia Animal e Biodiversidade, e Interunidades em Museologia.<br />Suas exposições articulam a biodiversidade com a evolução biológica e a educação patrimonial para a sustentabilidade.","Avenida Nazaré, 481, Ipiranga, São Paulo, SP",+55 11 2065 8100,Temporariamente fechado para reforma.,mz@edu.usp.br,www.mz.usp.br,"It is a reference centre in the production of knowledge concerning biodiversity, holding one of the world’s largest collections of Brazilian animals. In addition, the Museum administers the Boraceia Biological Facility, a natural reserve of Atlantic rainforest in the state of Sao Paulo.<br />It also performs an important role in educating zoologists and museologists through its our graduate programmes in Systematics, Animal Taxonomy and Biodiversity, and Museology.<br />Its exhibitions articulate biodiversity, biological evolution and education in cultural heritage for sustainability.","Avenida Nazaré, 481, Ipiranga, São Paulo, SP",+55 11 2065 8100,Temporarily closed for renovation,mz@edu.usp.br,www.mz.usp.br,,,,,,,,,,,1,,,1,,,,
7,,2,museu,Museu de Ciências,Museum of Sciences,1120,750,1161,777,"Promove a integração entre acervos e coleções das diferentes instituições; difunde, articula e valoriza o patrimônio cultural e científico da USP, formando uma rede interligada de conhecimento. O Museu é virtual e não possui acervo físico, seu objetivo é realizar a difusão das diversas exposições e outras atividades museológicas realizadas pela USP.","Avenida Miguel Stefano, 4200, Prédio 7, Água Funda, São Paulo, SP.",+ 55 11 5077 6335,Museu Virtual,mc@usp.br,www.usp.br/mc,"The Museum of Sciences promotes integration between collections from different institutions. It disseminates, articulates and recognises the value of the cultural and scientific heritage of the University of Sao Paulo, creating an interconnected network of knowledge. The museum is virtual, holding no physical collection; instead, its goal is to disseminate the various exhibitions and other museum activities carried out by USP.","Avenida Miguel Stefano, 4200, Prédio 7, Água Funda, São Paulo, SP",+ 55 11 5077 6335,Virtual Museum,mc@usp.br,www.usp.br/mc,,,,,,,,,,,,,1,,,,,1
9,,2,museu,Estação Ciência,Science Station,580,20,714,128,"Trata-se de um centro de ciências dinâmico e interativo que realiza exposições e atividades nas áreas de Ciência e Tecnologia, além de cursos, eventos e outras atividades, com o objetivo de popularizar a ciência e promover a divulgação do conhecimento de forma lúdica e prazerosa. ","Rua Guaicurus, 1394, Lapa, São Paulo, SP",+ 55 11 3871 6755 ,Temporariamente fechado para reforma,info@eciencia.usp.br,www.eciencia.usp.br/,"The Science Station is a dynamic and interactive institution that holds exhibitions and promotes activities in science and technology. In addition, it organises courses and events aimed at popularising science and disseminating knowledge in a playful and entertaining manner.","Rua Guaicurus, 1394, Lapa, São Paulo, SP",+ 55 11 3871 6755 ,Temporarily closed for renovation,info@eciencia.usp.br,www.eciencia.usp.br/,,,,,,,,,,,,1,1,,,,,1
17,29,2,museu,Museu Histórico Prof. Carlos da Silva Lacaz,The Prof. Carlos da Silva Lacaz Historical Museum,480,310,561,310,"Fundado em 1977 por Carlos da Silva Lacaz, o Museu tornou-se o primeiro museu de cultura médica do Brasil. O acervo do Museu conta com uma ampla documentação institucional e relativa à História da Medicina, também possui diversas coleções iconográficas, fílmicas e de objetos tridimensionais.","Av. Dr. Arnaldo, 455, Cerqueira Cesar, São Paulo, SP.",+55 11 3061 7249,Segunda a Sexta: 9h00 às 17h00,mhistorico@museu.fm.usp.br,www.fm.usp.br/museu,"The Historical Museum, founded in 1977 by Carlos da Silva Lacaz, is the first museum in Brazil dedicated to the culture of medicine. Its collection comprises rich institutional record and documentation concerning the history of medicine. In addition, the museum has several collections of iconographic, filmic and three-dimensional objects.","Av. Dr. Arnaldo, 455, Cerqueira Cesar, São Paulo, SP",+55 11 3061 7249,Monday to Friday: 9AM - 5PM,mhistorico@museu.fm.usp.br,www.fm.usp.br/museu,,,,,,,,,,1,1,,,1,,,,
21,1,2,bem,Casa de Dona Yayá,Yayá's House,912,344,912,344,"São PauloA casa é um interessante exemplar da arquitetura eclética, constituindo-se num remanescente das casas de chácara que caracterizavam a periferia imediata de São Paulo no final do século XIX e início do século XX. Registra em seus espaços a história da forma social de tratar a loucura na primeira metade do século XX ao abrigar na antiga residência um sanatório particular para os cuidados de Dona Yayá. Pertence desde 1969 à Universidade de São Paulo e, desde 2004, abriga o Centro de Preservação Cultural da USP.",,,,,,"From 1949 to 1968, the complex held the School of Philosophy, Sciences and Languages at the University of Sao Paulo. It is composed of the buildings Rui Barbosa and Joaquim Nabuco, which stand out in the surroundings due to the six-column marquee on the façade. Being the stage of various political demonstrations and debates during the 1960s, it became a symbol of political resistance and of the student movement.",,,,,,Autoria desconhecida,segunda metade século XIX,"Rua Major Diogo, 353 – Bexiga, São Paulo, SP","Condephaat (1998), Conpresp (1990)",Unknown,Second half of the 19th century,"Rua Major Diogo 353, Sao Paulo, SP","Condephaat (1998), Conpresp (1990)",1,1,,,,,,1,,
24,,2,bem,Conjunto do Centro Universitário Maria Antonia,The Maria Antonia University Centre Complex,990,20,990,33,"De 1949 a 1968, o conjunto abrigou a Faculdade de Filosofia, Ciências e Letras da Universidade de São Paulo. Composto pelos edifícios Rui Barbosa e Joaquim Nabuco, destacam-se na paisagem pela presença da marquise com seis colunas na fachada principal. Ícone da resistência política e do movimento estudantil nas década de 1960 pelas diversas manifestações e debates que aconteceram em seu interior e entorno.",,,,,,"From 1949 to 1968, the complex held the School of Philosophy, Sciences and Languages at the University of Sao Paulo. It is composed of the buildings Rui Barbosa and Joaquim Nabuco, which stand out in the surroundings due to the six-column marquee on the façade. Being the stage of various political demonstrations and debates during the 1960s, it became a symbol of political resistance and of the student movement.",,,,,,Alfredo Mathias (RB) e Lucio M. Rodrigues Filho (JN),década de 1930,"Rua Maria Antônia, 294 e 242 – Higienópolis, São Paulo, SP","Condephaat (1988), Conpresp (1991)",Alfredo Mathias (Rui Barbosa building) and Lucio M. Rodrigues Filho (Joaquim Nabuco building),1930s,"Rua Maria Antonia 294/242, Sao Paulo, SP","Condephaat (1988), Conpresp (1991)",,1,,,1,,,1,1,
25,,2,bem,Conjunto do Instituto de Astronomia e Geofísica,Institute of Astronomy and Geophysics complex,1147,602,1147,615,"O conjunto ocupa 25% da área total do Parque do Estado, composto por nove edifícios originalmente: portaria, residência do diretor, pavilhão do Grande Equatorial, administração, residência do zelador, pavilhão fotográfico, pavilhão Cook, residência de empregados e pavilhão do Serviço Meridiano. Em 1946 o Instituto foi incorporado à Universidade. ",,,,,,"The complex occupies 25% of the total area of Parque do Estado (State Park), originally composed of nine buildings: reception, director’s residence, the Great Equatorial pavilion, administration, custodian’s residence, photographic pavilion, Cook pavilion, employees’ residence and the Meridian Service pavilion. In 1946, the institute was incorporated into the university.",,,,,,Alypio Leme de Oliveira,1932-1941,"Avenida Miguel Stefano, 4200 – Parque do Estado, São Paulo, SP",Em processo de tombamento (Condephaat abertura em 1994 e Conpresp abertura em 1992),Alypio Leme de Oliveira,1932-1941,"Avenida Miguel Stefano 4200, Sao Paulo, SP",In the listing process (Condephaat process began in 1994 and Conpresp in 1992),1,,1,,,,,1,,1
28,,2,bem,Prédio da Faculdade de Direito,The Law School Building,1070,310,1070,310,"A Academia de Direito de São Paulo foi inaugurada em 1828 e abrigava-se no antigo convento do Largo de São Francisco. No entanto, em 1920, após adquirir importância acadêmica, política e cultural na cidade de São Paulo, iniciou-se a construção de um novo edifício inaugurado em 1934. Este possui quatro pavimentos e porão, tendo dois pátios, sendo que o principal possui arcadas em referência ao convento colonial.",,,,,,"The Law Academy of Sao Paulo was inaugurated in 1828 and used to be housed in the former Largo de São Francisco convent. However, in 1920, after the institution acquired academic, political and cultural status in the city of Sao Paulo, the construction of a new building began, which was inaugurated in 1934. The latter has four floors, a basement and two patios —the main one has arcades in reference to the colonial convent.",,,,,,"Escritório Técnico Ramos de Azevedo, Severo & Villares Ltda.",1933-1935,"Largo de São Francisco, 95 – Centro, São Paulo, SP","Conpresp (1992), Condephaat (2002)","Ramos de Azevedo, Severo & Villares Ltd.",1933-1935,"Largo de São Francisco 95, Sao Paulo, SP","Conpresp (1992), Condephaat (2002)",,1,,,,,,1,,
29,17,2,bem,Prédio da Faculdade de Medicina,School of Medicine Building,831,310,831,310,"A Faculdade de Medicina iniciou suas atividades em 1912, ainda sem edifício próprio. Ocupou distintos prédios até 1931, com a inauguração do edifício na Avenida Doutor Arnaldo, projeto que teve apoio da Fundação Rockfeller. O edifício é composto atualmente por um embasamento e quatro pavimentos. A fachada apresenta poucos detalhes ornamentais executados em argamassa armada, caracterizando-se por linhas verticais e repetição ritmada com marcação em todos os caixilhos.",,,,,,"The School of Medicine began its activities in 1912, when it still did not have its own building. Before the inauguration of the building on Avenida Doutor Arnaldo, in 1931, whose project had received support from the Rockefeller Foundation, the School of Medicine was housed in different buildings. Currently, the building is composed of a basement and four floors. The façade has few ornamental details executed in reinforced mortar, and is characterised by vertical lines and rhythmic repetition with marks in all frames. ",,,,,,"Escritório Técnico de Obras da FMUSP, Escritório Técnico F. P. Ramos de Azevedo, Severo & Villares Ltda.",1928-1931,"Avenida Doutor Arnaldo, 455 – Cerqueira César, São Paulo, SP","Condephaat (1981), Conpresp (1991)","Technical Office for the School of Medicine’s Construction Works, Ramos de Azevedo, Severo & Villares Ltd.",1928-1931,"Avenida Doutor Arnaldo 455, Sao Paulo, SP","Condephaat (1981), Conpresp (1991)",,1,,,,,,1,,
33,,2,bem,Prédio do Instituto Oscar Freire,The Oscar Freire Institute Building,548,324,589,320,"O Instituto Oscar Freire foi construído para ser a sede do Departamento de Medicina Legal, parte do programa das novas instalações construídas para a Faculdade de Medicina em 1919. É o único pavilhão construído do plano original de Ramos de Azevedo para toda o conjunto das ciências médicas. ",,,,,,"The Oscar Freire Institute was built to be the seat of the Department of Forensic Medicine, which was part of the programme for the new facilities for the School of Medicine, built in 1919. It is the only pavilion constructed from the original plan for the medical sciences complex made by Ramos de Azevedo.",,,,,,Escritório Técnico F. P. Ramos de Azevedo,1919-1921,"Rua Teodoro Sampaio, 115 – Cerqueira César, São Paulo, SP","Condephaat (1982), Conpresp (1991)",F.P. Ramos de Azevedo Office,1919-1921,"Rua Teodoro Sampaio 115, Sao Paulo, SP","Condephaat (1982), Conpresp (1991)",,1,,,,,,1,,
34,5,2,bem,Prédio do Museu de Zoologia,Zoology Museum Building,1220,540,1220,540,"O Museu de Zoologia foi projetado pelo arquiteto Christiano Stockler das Neves. Em 1969, o Departamento é incorporado à USP e transformado em Museu. Apresenta a maior coleção zoológica da América do Sul.",,,,,,"The Museum of Zoology was designed by the architect Christiano Stockler das Neves. In 1969, the Department of Zoology was incorporated into the University of Sao Paulo and transformed into a museum. It holds the largest zoological collection in South America.",,,,,,Christiano Stockler das Neves,1940-1941,"Avenida Nazaré, 481 – Ipiranga, São Paulo, SP","Condephaat (1975), Conpresp (1991)",Christiano Stockler das Neves,1940-1941,"Avenida Nazaré 481, Sao Paulo, SP","Condephaat (1975), Conpresp (1991)",,1,,,,,,1,,
35,2,2,bem,Prédio do Museu Paulista,Paulista Museum Building,1220,274,1220,274,"Implantado numa elevação que domina os vales do Ipiranga e do Tamanduateí, o edifício fica isolado no meio do Parque da Independência e envolvido por um tratamento paisagístico cuidadoso que procura ressaltar seu caráter monumental. O edifício foi concebido para ser um monumento e segue o partido neoclássico.",,,,,,"Implanted in an elevation that dominates the Ipiranga and Tamanduateí valleys, the building remains isolated in the middle of Parque da Independência (Independence Park) and is surrounded by careful landscape design that seeks to emphasise its monumental character. The building was conceived to be a monument and follows the neoclassic style.",,,,,,Tommaso Gaudenzio Bezzi,1885-1890,"Parque da Independência – Ipiranga, São Paulo, SP","Iphan (1997), Condephaat (1975), Conpresp (1991)",Tommaso Gaudenzio Bezzi,1885-1890,"Parque da Independência, Sao Paulo, SP","Iphan (1997), Condephaat (1975), Conpresp (1991)",1,1,,,,,,1,,
37,,2,bem,Vila Penteado,The Penteado Villa,828,168,828,168,"Atual sede da Pós-Graduação da Faculdade de Arquitetura da USP, o edifício foi construído entre 1902 e 1903, sendo projeto do arquiteto sueco Carlos. É um dos poucos exemplares de art nouveau da cidade de São Paulo. Foi doado para a USP em 1947 sob a condição de que fosse sede de um curso de Arquitetura e Urbanismo. Algumas adaptações foram realizadas para abrigar o curso de graduação, que, somente em 1969, foi transferido para a Cidade Universitária, sendo o palacete destinado para a pós-graduação do mesmo curso até os dias de hoje.",,,,,,"Being the current site for the Postgraduate Department of the School of Architecture at the University of Sao Paulo, the building was constructed between 1902 and 1903 and designed by the Swedish architect Carlos Ekman. It is one of the few examples of Art Nouveau in the city of Sao Paulo. It was donated to USP in 1947 under the condition that it would hold a course in Architecture and Urbanism. It was necessary to adapt the building to make it adequate to hold an undergraduate programme. In 1969, the Undergraduate Department was transferred to the University City campus, assigning the palace house exclusively for postgraduate courses until present day.",,,,,,Carlos Elkman,1902-1905,"Rua Maranhão, 88 – Higienópolis, São Paulo, SP","Condephaat (1978), Conpresp (1991)",Carlos Elkman,1902-1905,"Rua Maranhão 88, Sao Paulo, SP","Condephaat (1978), Conpresp (1991)",1,1,,,,,,1,,
38,,2,mapa,Cidade Universitária,University City Campus,490,380,490,380,,,,,,,,,,,,,,,,,,,,,,,,,,,,,,
4,3,3,museu,Museu de Arte Contemporânea,Museum of Contemporary Art,1220,320,1220,374,,,,,,,,,,,,,,,,,,,,,,,,,,,,,,
6,,3,museu,Museu de Arqueologia e Etnologia,Archaeology and Ethnology Museum,365,230,135,243,"O acervo possui cerca de 1.800.000 itens, composto por coleções de Etnologia Brasileira e Africana, Arqueologia do Mediterrâneo e Médio-Oriente e Arqueologia Brasileira e Americana. <br />O Museu desenvolve atividades de docência e colabora nas tarefas de secretaria acadêmica. As ações de curadoria estão relacionadas aos  laboratórios de conservação, restauro e documentação, além das exposições, educação patrimonial para o público da terceira idade, para públicos especiais e formação de professores, através dos kits didáticos, das publicações e videoteca pedagógicas.","Rua Prof. Almeida Prado, 1466, Cidade Universitária, São Paulo, SP.",+55 11 3091 4905,Temporariamente aberto somente para visitas agendadas.,educativo.mae@usp.br,www.mae.usp.br,"The collection holds around 1,800,000 items, composed by collections of Brazilian and African Ethnology, Mediterranean and Middle-Eastern Archaeology, and Brazilian and American Archaeology.<br />The museum carries out teaching activities and collaborates in academic secretariat tasks. The curatorial actions are related to the conservation, restoration and documentation laboratories, as well as to exhibitions and education in cultural heritage for senior citizens, for special audiences and for teacher education, through pedagogical kits, video library and publications.","Rua Prof. Almeida Prado, 1466, Cidade Universitária, São Paulo, SP",+55 11 3091 4905,Temporarily open only for scheduled visits,educativo.mae@usp.br,www.mae.usp.br,,,,,,,,,1,1,,,1,1,,1,,
10,,3,museu,Herbário SPF,SPF Herbarium,730,830,730,830,"O museu de plantas da USP foi criado em 1932 na Fac. de Farmácia e transferido para o Inst. de Biociências em 1959.<br />O acervo possui cerca de 205 mil exsicatas, das quais 23 mil são algas, uma das maiores coleções da América Latina, e cerca de 100 mil plantas dos campos rupestres, uma das mais representativas do mundo. Possui cerca de 600 tipos nomenclaturais e diversas coleções relevantes associadas, principalmente uma das maiores xilotecas do Brasil.","Rua do Matão, 277, Cidade Universitária, São Paulo, SP",+55 11 3091 7545,Segunda a Sexta: 9h00 às 17h00,mellosil@usp.br,Não possui,"The plant museum of the University of Sao Paulo was created in 1932 at the School of Pharmacy and was transferred to the Institute of Biosciences in 1959.<br />The herbarium has approximately 205,000 dried specimens —including 23,000 algae, one of the largest collections in Latin America— and about 100,000 plants from campos rupestres, one of the world’s most representative collections of its kind. It also holds about 600 nomenclatural types and several relevant associated collections, especially one of the largest wood collections in Brazil. ","Rua do Matão, 277, Cidade Universitária, São Paulo, SP",+55 11 3091 7545,Monday to Friday: 9AM - 5PM,mellosil@usp.br,Não possui,,,,,,,,,,,1,,,,,,,1
11,,3,museu,Instituto de Estudos Brasileiros,Institute of Brazilian Studies,1350,240,1350,308,"O IEB é um centro multidisciplinar e multitemático que pretende congregar estudos especializados sobre o Brasil das diversas áreas das Ciências Humanas. Seu primeiro acervo foi a Brasiliana de Yan de Almeida Prado, adquirida pela USP em 1962, seguida por vários outros fundos pessoais e coleções de intelectuais e artistas brasileiros, entre eles Mário de Andrade, Guimarães Rosa, Graciliano Ramos, Anita Malfatti, Milton Santos, Caio Prado Jr., Carlos Drummond de Andrade, Camargo Guarnieri e Oswald de Andrade.","Av. Prof. Mello Morais, tr. 8, n. 140, Cidade Universitária, São Paulo, SP",+ 55 11 3091 1149,Segunda a Sexta: 9h00 às 17h00,ieb@usp.br ,www.ieb.usp.br,"The Institute for Brazilian Studies is a multidisciplinary and multi-thematic centre aimed at congregating specialised studies on Brazil in several fields of the humanities. The acquisition of Brasiliana in 1962, from Yan de Almeida Prado, marked the starting point of the collection. It was followed by the acquisition of other private collections from Brazilian intellectuals and artists, such as Mário de Andrade, Guimarães Rosa, Graciliano Ramos, Anita Malfatti, Milton Santos, Caio Prado Jr., Carlos Drummond de Andrade, Camargo Guarnieri e Oswald de Andrade.","Av. Prof. Mello Morais, tr. 8, n. 140, Cidade Universitária, São Paulo, SP",+ 55 11 3091 1149,Monday to Friday 9AM - 5PM,ieb@usp.br ,www.ieb.usp.br,,,,,,,,,1,1,,,1,,1,1,,
12,,3,museu,Museu de Anatomia Humana,Museum of Human Anatomy,417,561,417,507,"O Museu de Anatomia Humana possui um acervo de 1800 peças anatômicas de todos os sistemas, anomalias fetais, crânios de ambos os sexos, de diferentes etnias e idades e ossos do “Homem de Sambaqui” formado gradativamente em 91 anos de pesquisa pelo prof. Alfonso Bovero e seus seguidores.","Av. Prof. Lineu Prestes, 2415, Butantã, São Paulo, SP",+ 55 11 3091 7360,Segunda a Sexta: 9h00 às 15h30,musanato@icb.usp.br,www.icb.usp.br/,"The Museum of Human Anatomy holds a collection of 1,800 anatomical pieces from all systems, fetal anomalies, skulls from both sexes, from various ethnic groups and different ages. In addition, it holds bones from the Sambaqui Man, gradually collected by Professor Alfonso Bovero and his disciples during 91 years of research.","Av. Prof. Lineu Prestes, 2415, Butantã, São Paulo, SP",+ 55 11 3091 7360,Monday to Friday 9AM - 3:30PM,musanato@icb.usp.br,www.icb.usp.br/,,,,,,,,,,,1,,,1,,,,
13,,3,museu,Museu de Anatomia Veterinária,Museum of Veterinary Anatomy,290,777,169,750,"O Museu de Anatomia Veterinária da Faculdade de Medicina Veterinária e Zoologia da Universidade de São Paulo foi criado em 1984 e tem por missão a pesquisa, ensino e extensão de serviços à comunidade nas áreas de morfologia e anatomia animal. O acervo conta atualmente com cerca de 1200 exemplares, sendo composto por esqueletos, animais taxidermizados, órgãos e estruturas anatômicas de diversos vertebrados.","Av. Prof. Dr. Orlando Marques de Paiva, Cid. Universitária, São Paulo, SP",+55 11 3091 1309,"Terça a Sexta: 9h00 às 17h00, Sábados: 9h00 às 14h00",mavfmvz@usp.br,www.fmvz.usp.br,"The Museum of Veterinary Anatomy of the School of Veterinary Medicine and Zootechnics at the University of Sao Paulo was established in 1984. Its mission is to carry out research, to teach and to extend services to the animal anatomy and morphology communities. Currently, the collection has around 1,200 samples, comprising skeletons, stuffed animals, organs and anatomical structures of various vertebrates.
","Av. Prof. Dr. Orlando Marques de Paiva, Cid. Universitária, São Paulo, SP",+55 11 3091 1309,"Tuesday to Friday: 9AM - 5PM, Saturday 9AM - 2PM",mavfmvz@usp.br,www.fmvz.usp.br,,,,,,,,,,,1,,,1,,,,
15,,3,museu,Museu da Educação e do Brinquedo,Toy and Education Museum,1550,710,1550,386,"O Museu foi concebido a partir de um desdobramento das realizações do Laboratório de Brinquedos e Materiais Pedagógicos, criado na Faculdade de Educação, em 1985 e que foi inaugurado oficialmente em 1999. A reserva técnica possui brinquedos doados, material pedagógico, fotos, documentos e o acervo de esculturas sobre “Cenas Infantis” da artista plástica Sandra Guinle. ","Av. da Universidade, 308, Cidade Universitária, São Paulo, SP",+55 11 3091 7545,Terça a Sexta: 10h00 às 17h00,meb@usp.br,www.meb.fe.usp.br/,"The Museum was conceived from the development of accomplishments made by the Toy and Pedagogical Materials Laboratory, created in 1985 at the School of Education and officially inaugurated in 1999. The collection involves donated toys, pedagogical material, photographs, documents and the collection of sculptures Cenas Infantis (Childhood Scenes) by the artist Sandra Guinle.","Av. da Universidade, 308, Cidade Universitária, São Paulo, SP",+55 11 3091 7545,Tuesday to Friday: 10AM - 5PM,meb@usp.br,www.meb.fe.usp.br/,,,,,,,,,,,,,1,,1,,,
16,,3,museu,Museu de Geociências,Geosciences Museum,1011,700,1011,566,"O Museu abriga uma das coleções mais importantes das Ciências da Terra no Brasil. O acervo possui cerca de seis mil amostras entre minerais, minérios, rochas, gemas, fósseis, espeleotemas e meteoritos. O Museu é um laboratório de ensino para os estudantes de diversos cursos de graduação e pós-graduação da USP e de outras instituições.","Rua do Lago, 562, Cidade Universitária, São Paulo, SP",+ 55 11 3091 3952,"Terça a Sexta: 8h00 às 17h00, Sábados, Domingos e Feriados: 10h00 às 16h00",mugeo@usp.br,www.igc.usp.br/museu,"The Museum of Geosciences holds one of the most important collections of Earth Sciences in Brazil, which comprises roughly six thousand samples of minerals, ores, rocks, gemstones, fossils, speleothems and meteorites. The museum is a teaching laboratory for both undergraduate and graduate students from the University of Sao Paulo and other institutions.","Rua do Lago, 562, Cidade Universitária, São Paulo, SP",+ 55 11 3091 3952,"Tuesday to Friday: 8AM - 5PM, Saturdays, Sundays and holidays: 10AM - 4PM",mugeo@usp.br,www.igc.usp.br/museu,,,,,,,,,,,1,,,1,,,,
18,,3,museu,Museu Oceanográfico,Oceanography Museum,610,567,624,567,"Desde 1988, mantém o objetivo inicial de apoiar as atividades de ensino, pesquisa e extensão do Instituto Oceanográfico da USP. O acervo é composto por embarcações, instrumentos oceanográficos e informações sobre pesquisas do IOUSP, o acervo vivo está disposto em 15 aquários que representam ecossistemas marinhos brasileiros, difundindo a oceanografia através de exposições e outros programas. ","Praça do Oceanográfico, 191, Cidade Universitária,  São Paulo, SP",+55 11 3091 6587/7149,"Terça a Sexta: 9h00 às 17h00, Sábados, Domingos e Feriados das 10h00 às 16h00
",museu.io@usp.br,www.io.usp.br,"Since 1988, the Oceanography Museum maintains its original goal of supporting the Oceanography Institute at the University of Sao Paulo in teaching, researching and sharing knowledge. Its collection is composed of vessels, oceanography instruments and data on the Institute’s research, and the living collection is dispersed among fifteen aquariums, which represent Brazilian marine ecosystems. It helps to disseminate the oceanography field through exhibitions and other programmes.","Praça do Oceanográfico, 191, Cidade Universitária,  São Paulo, SP",+55 11 3091 6587/7149,"Tuesday to Friday 9AM - 5PM, Saturdays, Sundays and holidays 10AM - 4PM",museu.io@usp.br,www.io.usp.br,,,,,,,,,,,,1,,1,,,,
22,,3,bem,Centro de Práticas Esportivo,Sport Activities Complex,1486,580,1230,580,"O projeto do Cepeusp está inserido no contexto dos Jogos Pan-americanos que seriam realizados em São Paulo em 1975, mas acabou sendo transferido. ",,,,,,"The project for the Centre for Sport Activities is part of the context of the 1975 Pan American Games, which were going to take place in Sao Paulo, but ended up being transferred.",,,,,,Ícaro de Castro e Mello e Hélio Pasta,décadas de 1960-1970,"Praça 02, Prof. Rubião Meira, 61 - Cidade Universitária, São Paulo, SP",Em processo de tombamento (Conpresp abertura em 2004),Ícaro de Castro e Mello and Hélio Pasta,1960s-1970s,"Praça 02, Professor Rubião Meira 61, University City Campus, Sao Paulo, SP",In the listing process (Conpresp process began in 2004),1,,,1,,,,1,,
27,,3,bem,Prédio da Faculdade de Arquitetura e Urbanismo,School of Architecture and Urbanism Building,870,520,870,520,"O projeto está estreitamente relacionado as propostas pedagógicas e novas estruturas do ensino de arquitetura que marcavam a Faculdade de Arquitetura na década de 1950 e 1960. Essas questões refletem na disposição do programa do edifício, por exemplo, na centralidade dos atêlies. A obra foi premiada e consolidou-se como referência da Escola Paulista da Arquitetura Moderna Brasileira.",,,,,,"The project is closely related to the pedagogical proposals and the new structures for education in architecture that marked the School of Architecture in the 1950s and 1960s. These issues are reflected in the building’s work programme —for example, in the centrality of the studios in the building. The design received awards and established itself as a benchmark of the Sao Paulo school of Brazilian modern architecture.",,,,,,João Baptista Vilanova Artigas e Carlos Cascaldi,1966-1969,"Rua do Lago, 876 – Cidade Universitária, São Paulo, SP","Condephaat (1981), Conpresp (1991)",João Baptista Vilanova Artigas and Carlos Cascaldi,1966-1969,"Rua do Lago 876, Sao Paulo, SP","Condephaat (1981), Conpresp (1991)",1,,,1,,,,1,,
30,,3,bem,Prédio do Departamento de História e Geografia,Department of History and Geography Building,1180,690,1180,690,"O edifício do Departamento de História e Geografia foi o único do conjunto da FFLCH  executado. O edifício tem dois pavimentos, tendo como principal elemento o pátio interno que mantém a permeabilidade visual de todo o edifício, além de possibilitar uma grande área de convivência e sociabilidade. O projeto foi premiado pelo Instituto dos Arquitetos do Brasil (IAB), em 1967.",,,,,,"The History and Geography Department building was the only one that was constructed from the complex of the School of Philosophy, Languages and Humanities. The building has two floors and its main element is the inner patio, which gives visual permeability to the whole building, besides creating a large living and social area. The project received an award from the Brazilian Institute of Architects in 1967. ",,,,,,Eduardo Corona,1961-1964,"Avenida Prof. Lineu Prestes, 338 – Cidade Universitária, São Paulo, SP",Em processo de tombamento (Conpresp abertura em 2004),Eduardo Corona,1961-1964,"Avenida Professor Lineu Prestes 338, University City Campus, Sao Paulo, SP",In the listing process (Conpresp process began in 2004),1,,,1,,,,1,,
31,,3,bem,Prédio do Departamento de Mecânica da Escola Politécnica,Mechanics Department of the Polytechnic School Building,910,160,910,160,O edifício fazia parte do conjunto proposto no Plano para Construção da Cidade Universitária de 1961-62. Edifício do Departamento de Mecânica destaca-se entre o conjunto de prédios de arquitetura moderna da Cidade Universitária.,,,,,,The building was part of the complex proposed in the 1961-1962 Plan for the Construction of the University City. The Mechanics Department building is highlighted among the cluster of modern architecture constructions at the University City campus.,,,,,,Ernesto de Carvalho Mange e Ariaki Kato,1961-1962,"Av. Prof. Mello Moraes 2231 – Cidade Universitária, São Paulo, SP",Em processo de tombamento (Conpresp abertura em 2004),Ernesto de Carvalho Mange and Ariaki Kato,1961-1962,"Avenida Professor Mello Moraes 2231, University City Campus, Sao Paulo, SP",In the listing process (Conpresp process began in 2004),1,,,1,,,,1,,
32,,3,bem,Prédio do Departamento de Metalurgia da Escola Politécnica,Metallurgy Department of the Polytechnic School Building,460,120,353,120,O edifício projetado pelo arquiteto Oswaldo Bratke é marcado pela presença dos elementos vazados em suas fachadas que garantem ritmo e leveza ao volume horizontal de concreto aparente. ,,,,,,"The building designed by the architect Oswaldo Bratke is marked by the presence of perforated elements on its façades, which grant rhythm and lightness to the horizontal volume of fair-faced concrete finish.",,,,,,Oswaldo Arthur Bratke,1960-1967,"Av. Prof. Mello Moraes 2231 – Cidade Universitária, São Paulo, SP",Em processo em tombamento (Conpresp abertura em 2004),Oswaldo Arthur Bratke,1960-1967,"Avenida Professor Mello Moraes, University City Campus, Sao Paulo, SP","Avenida Professor Mello Moraes, University City Campus, Sao Paulo, SP",1,,,1,,,,1,,
40,,,but,PT,PT,1790,90,1750,50,,,,,,,,,,,,,,,,,,,,,,,,,,,,,,
41,,,but,EN,EN,1700,90,1720,90,,,,,,,,,,,,,,,,,,,,,,,,,,,,,,
42,,,but,MUSEUS E ACERVOS,MUSEUMS AND COLLECTIONS,60,160,60,170,,,,,,,,,,,,,,,,,,,,,,,,,,,,,,
43,,,but,PATRIMÔNIO CONSTRUÍDO,BUILT HERITAGE,60,150,20,210,,,,,,,,,,,,,,,,,,,,,,,,,,,,,,
44,,,but,ESTADO DE SÃO PAULO,STATE OF SÃO PAULO,40,190,50,290,,,,,,,,,,,,,,,,,,,,,,,,,,,,,,
45,,,but,CIDADE DE SÃO PAULO,CITY OF SÃO PAULO,50,330,60,330,,,,,,,,,,,,,,,,,,,,,,,,,,,,,,
46,,,but,CIDADE UNIVERSITÁRIA,UNIVERSITY CITY CAMPUS,60,370,60,370,,,,,,,,,,,,,,,,,,,,,,,,,,,,,,
47,,,but,grupos,LINE,140,50,120,60,,,,,,,,,,,,,,,,,,,,,,,,,,,,,,
48,,,but,MAPA,MAP,60,90,60,30,,,,,,,,,,,,,,,,,,,,,,,,,,,,,,
49,,,but,AREAS,,60,260,30,260,,,,,,,,,,,,,,,,,,,,,,,,,,,,,,
50,,,but,ARTES,,160,270,160,260,,,,,,,,,,,,,,,,,,,,,,,,,,,,,,
51,,,but,HISTÓRIA,,160,320,140,330,,,,,,,,,,,,,,,,,,,,,,,,,,,,,,
52,,,but,NATUREZA,,150,370,160,370,,,,,,,,,,,,,,,,,,,,,,,,,,,,,,
53,,,but,TÉCNICA,,160,360,130,410,,,,,,,,,,,,,,,,,,,,,,,,,,,,,,
54,,,but,EDUCAÇÃO E CULTURA,,150,450,150,450,,,,,,,,,,,,,,,,,,,,,,,,,,,,,,
55,,,but,TIPO INSTITUCIONAL,,50,570,60,500,,,,,,,,,,,,,,,,,,,,,,,,,,,,,,
56,,,but,MUSEU,,270,560,240,520,,,,,,,,,,,,,,,,,,,,,,,,,,,,,,
57,,,but,ACERVO,,270,600,270,570,,,,,,,,,,,,,,,,,,,,,,,,,,,,,,
58,,,but,PATRIMONIO CULTURAL,,270,640,240,610,,,,,,,,,,,,,,,,,,,,,,,,,,,,,,
59,,,but,CENTRO DE EXTENSÃO UNIVERSITÁRIA,,260,690,260,640,,,,,,,,,,,,,,,,,,,,,,,,,,,,,,
60,,,but,HERBARIO,,260,730,260,680,,,,,,,,,,,,,,,,,,,,,,,,,,,,,,